{"Type":0,"JsonPlanets":[{"Name":"Sriluur","ID":0,"CoordX":775.7000122070313,"CoordY":113.0},{"Name":"Ques","ID":1,"CoordX":775.7999877929688,"CoordY":103.0999984741211},{"Name":"Tas-La","ID":2,"CoordX":773.5,"CoordY":98.0}]}